kind,data.domain,data.banned_by,data.subreddit,data.selftext_html,data.selftext,data.likes,data.suggested_sort,data.user_reports,data.secure_media,data.link_flair_text,data.id,data.from_kind,data.gilded,data.archived,data.clicked,data.report_reasons,data.author,data.media,data.score,data.approved_by,data.over_18,data.hidden,data.num_comments,data.thumbnail,data.subreddit_id,data.hide_score,data.edited,data.link_flair_css_class,data.author_flair_css_class,data.downs,data.saved,data.removal_reason,data.stickied,data.from,data.is_self,data.from_id,data.permalink,data.locked,data.name,data.created,data.url,data.author_flair_text,data.quarantine,data.title,data.created_utc,data.distinguished,data.mod_reports,data.visited,data.num_reports,data.ups
t3,wdrb.com,,news,,,,,[],,,4bn12d,,0,False,False,,homeboy422,,1,,False,False,1,,t5_2qh3l,False,False,,,0,False,,False,,False,,/r/news/comments/4bn12d/man_arrested_for_stealing_suv_told_police_he/,False,t3_4bn12d,1458776802.0,http://www.wdrb.com/story/31546565/man-arrested-for-stealing-suv-told-police-he-needed-it-for-job-interview,,False,Man arrested for stealing SUV told police he needed it for job interview,1458748002.0,,[],False,,1
t3,cbc.ca,,news,,,,,[],,,4bmzo9,,0,False,False,,Duke28,,0,,False,False,1,,t5_2qh3l,False,False,,,0,False,,False,,False,,/r/news/comments/4bmzo9/zika_outbreak_needs_4_million_who/,False,t3_4bmzo9,1458776277.0,http://www.cbc.ca/news/health/zika-who-funds-1.3503095,,False,Zika outbreak needs $4 million: WHO,1458747477.0,,[],False,,0
t3,foxnews.com,,news,,,,,[],,,4bijjn,,0,False,False,,Goaheadownvoteme,,54,,False,False,21,,t5_2qh3l,False,False,,,0,False,,False,,False,,/r/news/comments/4bijjn/austin_police_to_fire_officer_who_shot_killed/,False,t3_4bijjn,1458698217.0,http://www.foxnews.com/us/2016/03/22/austin-police-to-fire-officer-who-shot-killed-nude-teen.html,,False,"Austin police to fire officer who shot, killed nude teen",1458669417.0,,[],False,,54
t3,sciencedaily.com,,news,,,,,[],,,4bkkoo,,0,False,False,,IPyro58,,11,,False,False,0,,t5_2qh3l,False,False,,,0,False,,False,,False,,/r/news/comments/4bkkoo/hubble_unveils_monster_stars/,False,t3_4bkkoo,1458726687.0,https://www.sciencedaily.com/releases/2016/03/160317114540.htm,,False,Hubble Unveils Monster Stars,1458697887.0,,[],False,,11
t3,cbsnews.com,,news,,,,,[],,,4bmol1,,0,False,False,,DubiousVirtue,,1,,False,False,0,,t5_2qh3l,False,False,,,0,False,,False,,False,,/r/news/comments/4bmol1/isis_application_forms_surface_in_intelligence/,False,t3_4bmol1,1458772134.0,http://www.cbsnews.com/news/isis-application-forms-documents-intelligence-haul-terror-group-recruits/,,False,ISIS application forms surface in intelligence haul on terror group's recruits,1458743334.0,,[],False,,1
t3,hosted.ap.org,,news,,,,,[],,,4bju4a,,0,False,False,,GeneralMayhemWY,,17,,False,False,2,,t5_2qh3l,False,False,,,0,False,,False,,False,,/r/news/comments/4bju4a/fda_adds_boldest_warning_to_most_widely_used/,False,t3_4bju4a,1458715508.0,http://hosted.ap.org/dynamic/stories/U/US_PRESCRIPTION_PAINKILLERS_NEW_WARNINGS?SITE=AP&amp;SECTION=HOME&amp;TEMPLATE=DEFAULT&amp;CTIME=2016-03-22-18-34-41,,False,FDA Adds Boldest Warning To Most Widely Used Painkillers,1458686708.0,,[],False,,17
t3,cbsnews.com,,news,,,,,[],,,4blotr,,0,False,False,,cynycal,,3,,False,False,5,,t5_2qh3l,False,False,,,0,False,,False,,False,,/r/news/comments/4blotr/brussels_attacks_expose_gaping_hole_in_airport/,False,t3_4blotr,1458750351.0,http://www.cbsnews.com/news/how-brussels-attacks-exposed-gaping-hole-in-airport-security-net/,,False,Brussels attacks expose gaping hole in airport security nets,1458721551.0,,[],False,,3
t3,baltimoresun.com,,news,,,,,[],,,4bg9ic,,0,False,False,,shallah,,376,,False,False,108,,t5_2qh3l,False,False,,,0,False,,False,,False,,/r/news/comments/4bg9ic/juveniles_in_marylands_justice_system_are/,False,t3_4bg9ic,1458655325.0,http://www.baltimoresun.com/news/maryland/investigations/bs-md-strip-and-shackle-20160129-story.html,,False,"Juveniles in Maryland's justice system are routinely strip-searched &amp; shackled: these practices apply to every youth...often for low-level offenses...also apply to juveniles who have not gone to court yet, and who could be found to have done nothing",1458626525.0,,[],False,,376
t3,news.sky.com,,news,,,,,[],,,4bii9l,,0,False,False,,cypressgreen,,38,,False,False,2,,t5_2qh3l,False,False,,,0,False,,False,,False,,/r/news/comments/4bii9l/manhunt_as_brussels_suspects_caught_on_cctv_two/,False,t3_4bii9l,1458697744.0,http://news.sky.com/story/1664931/manhunt-as-brussels-suspects-caught-on-cctv,,False,Manhunt As Brussels Suspects Caught On CCTV: Two men who may be suicide bombers are wearing gloves that could have hidden detonators while a third man is being hunted.,1458668944.0,,[],False,,38
t3,time.com,,news,,,,,[],,,4blwid,,0,False,False,,nick313,,2,,False,False,0,,t5_2qh3l,False,False,,,0,False,,False,,False,,/r/news/comments/4blwid/possible_mh370_debris_discovered_in_south_africa/,False,t3_4blwid,1458756603.0,http://time.com/4268835/malaysia-airlines-370-south-africa-engine/,,False,Possible MH370 Debris Discovered in South Africa,1458727803.0,,[],False,,2
t3,military.com,,news,,,,,[],,,4bicjb,,0,False,False,,BooglarizeYou,,44,,False,False,1,,t5_2qh3l,False,False,,,0,False,,False,,False,,/r/news/comments/4bicjb/second_isis_attack_on_new_marine_base_where_staff/,False,t3_4bicjb,1458695646.0,http://www.military.com/daily-news/2016/03/21/isis-again-attacks-new-us-base-in-iraq-where-marine-was-killed.html,,False,Second ISIS Attack on New Marine Base Where Staff Sergeant Was Killed,1458666846.0,,[],False,,44
t3,theguardian.com,,news,,,,,[],,,4bhswf,,0,False,False,,psychedelic100,,60,,False,False,37,,t5_2qh3l,False,False,,,0,False,,False,,False,,/r/news/comments/4bhswf/flashdrives_for_freedom_20000_usbs_to_be_smuggled/,False,t3_4bhswf,1458688490.0,http://www.theguardian.com/world/2016/mar/22/flashdrives-for-freedom-north-korea-20000-usb-sticks,,False,"Flashdrives for freedom? 20,000 USBs to be smuggled into North Korea",1458659690.0,,[],False,,60
t3,bigstory.ap.org,,news,,,,,[],,,4bj4g4,,0,False,False,,mediawoman,,25,,False,False,1,,t5_2qh3l,False,False,,,0,False,,False,,False,,/r/news/comments/4bj4g4/justices_uphold_58_million_award_against_tyson/,False,t3_4bj4g4,1458705801.0,http://bigstory.ap.org/a6633fad09d64b12ae43a1e3ce31475a,,False,Justices uphold $5.8 million award against Tyson Foods,1458677001.0,,[],False,,25
t3,theguardian.com,,news,,,,,[],,,4bmely,,0,False,False,,AntonyLoveless,,0,,False,False,11,,t5_2qh3l,False,False,,,0,False,,False,,False,,/r/news/comments/4bmely/the_injunction_is_back_wellknown_entertainer/,False,t3_4bmely,1458767732.0,http://www.theguardian.com/media/2016/mar/22/the-injunction-is-back-entertainer-blocks-extramarital-affair-story,,False,The injunction is back: Well-known entertainer blocks extramarital affair story in the UK,1458738932.0,,[],False,,0
t3,fortune.com,,news,,,,,[],,,4bj853,,0,False,False,,wewewawa,,22,,False,False,15,,t5_2qh3l,False,False,,,0,False,,False,,False,,/r/news/comments/4bj853/spacex_will_soon_launch_rockets_every_few_weeks/,False,t3_4bj853,1458707166.0,http://fortune.com/2016/03/22/spacex-rockets-every-few-weeks/,,False,SpaceX Will Soon Launch Rockets Every Few Weeks,1458678366.0,,[],False,,22
t3,kristv.com,,news,,,,,[],,,4bme3f,,0,False,False,,Sariel007,,1,,False,False,1,,t5_2qh3l,False,False,,,0,False,,False,,False,,/r/news/comments/4bme3f/5_year_old_saves_mom_from_drowning/,False,t3_4bme3f,1458767470.0,http://www.kristv.com/story/31541766/5-year-old-saves-mom-from-drowning,,False,5 year old saves mom from drowning,1458738670.0,,[],False,,1
t3,reuters.com,,news,,,,,[],,,4bmda6,,0,False,False,,Duke28,,1,,False,False,0,,t5_2qh3l,False,False,,,0,False,,False,,False,,/r/news/comments/4bmda6/kremlin_says_syria_peace_talk_participants_must/,False,t3_4bmda6,1458767092.0,http://www.reuters.com/article/us-mideast-crisis-syria-russia-talks-idUSKCN0WP0YZ,,False,"Kremlin says Syria peace talk participants must show patience, ""always set to be long and difficult""",1458738292.0,,[],False,,1
t3,washingtonpost.com,,news,,,,,[],,,4bkk5e,,0,False,False,,cynycal,,8,,False,False,2,,t5_2qh3l,False,False,,,0,False,,False,,False,,/r/news/comments/4bkk5e/with_presidents_obama_castro_watching_rays_beat/,False,t3_4bkk5e,1458726438.0,https://www.washingtonpost.com/world/the_americas/with-presidents-obama-castro-watching-rays-beat-cuban-team/2016/03/22/0e018098-f08c-11e5-a2a3-d4e9697917d1_story.html?tid=pm_world_pop_b,,False,"With presidents Obama, Castro watching, Rays beat Cuban team",1458697638.0,,[],False,,8
t3,abcnews.go.com,,news,,,,,[],,,4bjwik,,0,False,False,,Another-Chance,,14,,False,False,3,,t5_2qh3l,False,False,,,0,False,,False,,False,,/r/news/comments/4bjwik/exgoldman_sachs_worker_gets_no_prison_time_in_ny/,False,t3_4bjwik,1458716460.0,http://abcnews.go.com/US/wireStory/goldman-sachs-worker-prison-time-ny-theft-case-37853051,,False,Ex-Goldman Sachs Worker Gets No Prison Time in NY Theft Case,1458687660.0,,[],False,,14
t3,reuters.com,,news,,,,,[],,,4bmbdx,,0,False,False,,Duke28,,1,,False,False,0,,t5_2qh3l,False,False,,,0,False,,False,,False,,/r/news/comments/4bmbdx/belgium_identifies_brussels_bomb_suspect_suicide/,False,t3_4bmbdx,1458766201.0,http://www.reuters.com/article/us-belgium-blast-idUSKCN0WO0LB,,False,"Belgium identifies Brussels bomb suspect, suicide bombers",1458737401.0,,[],False,,1
t3,nbcnews.com,,news,,,,,[],,,4bmayy,,0,False,False,,DrJarns,,0,,False,False,0,,t5_2qh3l,False,False,,,0,False,,False,,False,,/r/news/comments/4bmayy/brussels_attacks_suicide_bombers_were_brothers/,False,t3_4bmayy,1458765997.0,http://www.nbcnews.com/storyline/brussels-attacks/brussels-airport-suicide-bombers-were-brothers-sources-n543956,,False,Brussels Attacks: Suicide Bombers Were Brothers,1458737197.0,,[],False,,0
t3,judicialwatch.org,,news,,,,,[],,,4bhtoz,,0,False,False,,AirborneRanger122,,51,,False,False,24,,t5_2qh3l,False,False,,,0,False,,False,,False,,/r/news/comments/4bhtoz/judicial_watch_new_clinton_documents_raise/,False,t3_4bhtoz,1458688790.0,http://www.judicialwatch.org/press-room/press-releases/judicial-watch-new-clinton-documents-raise-questions-on-benghazi-clinton-foundation/,,False,"Judicial Watch: New Clinton Documents Raise Questions on Benghazi, Clinton Foundation including undisclosed meetings with the Libyan President and President Clinton",1458659990.0,,[],False,,51
t3,militarytimes.com,,news,,,,,[],,,4binwr,,0,False,False,,DataWave47,,27,,False,False,6,,t5_2qh3l,False,False,,,0,False,,False,,False,,/r/news/comments/4binwr/the_us_military_is_moving_into_these_5_bases_in/,False,t3_4binwr,1458699771.0,http://www.militarytimes.com/story/military/2016/03/21/us-plans-use-five-new-bases-philippines/82072138/,,False,The U.S. military is moving into these 5 bases in the Philippines,1458670971.0,,[],False,,27
t3,techinsider.io,,news,,,,,[],,,4blq76,,0,False,False,,madhavcp,,4,,False,False,5,,t5_2qh3l,False,False,,,0,False,,False,,False,,/r/news/comments/4blq76/dutch_prisons_are_closing_because_the_country_is/,False,t3_4blq76,1458751608.0,http://www.techinsider.io/dutch-prisons-are-closing-2016-3,,False,Dutch prisons are closing because the country is so safe,1458722808.0,,[],False,,4
t3,freebeacon.com,,news,,,,,[],,,4bo49v,,0,False,False,,Singlemalt_28,,0,,False,False,27,,t5_2qh3l,False,False,,,0,False,,False,,False,,/r/news/comments/4bo49v/obama_annoyed_at_question_about_isis_policy_ive/,False,t3_4bo49v,1458791142.0,http://freebeacon.com/national-security/obama-annoyed-at-question-about-his-isis-policy-ive-got-a-lot-of-things-on-my-plate/,,False,Obama annoyed at question about ISIS policy: “I’ve got a lot of things on my plate”,1458762342.0,,[],False,,0
